{
    "metrics": {
        "matching_latency": {
            "avg": 8.078231198956793,
            "min": 5.516094,
            "med": 6.9980515,
            "max": 50.734866,
            "p(90)": 9.973098600000002,
            "p(95)": 12.243316300000004,
            "thresholds": {
                "p(99)<200": false,
                "p(95)<150": false,
                "p(50)<100": false
            }
        },
        "data_sent": {
            "count": 813583,
            "rate": 12407.275735896219
        },
        "total_order_count": {
            "count": 1342,
            "rate": 20.46572265837994
        },
        "http_req_sending": {
            "avg": 0.07284741573867845,
            "min": 0.009579,
            "med": 0.048583,
            "max": 32.629227,
            "p(90)": 0.061801,
            "p(95)": 0.0704912
        },
        "http_req_failed": {
            "fails": 1347,
            "passes": 0,
            "thresholds": {
                "rate<0.01": false
            },
            "value": 0
        },
        "http_req_tls_handshaking": {
            "avg": 0,
            "min": 0,
            "med": 0,
            "max": 0,
            "p(90)": 0,
            "p(95)": 0
        },
        "http_req_receiving": {
            "min": 0.013328,
            "med": 0.164741,
            "max": 44.544877,
            "p(90)": 0.3373696,
            "p(95)": 0.4014428,
            "avg": 0.8088925679287293
        },
        "sell_order_rate": {
            "fails": 526,
            "passes": 816,
            "value": 0.6080476900149031
        },
        "sell_order_count": {
            "count": 816,
            "rate": 12.444135386913585
        },
        "iteration_duration": {
            "min": 16.451847,
            "med": 318.22131950000005,
            "max": 1052.03979,
            "p(90)": 1007.1790337,
            "p(95)": 1008.0797832000001,
            "avg": 414.5658561423253
        },
        "iterations": {
            "count": 1342,
            "rate": 20.46572265837994
        },
        "http_req_waiting": {
            "p(90)": 9.316102800000008,
            "p(95)": 11.4830623,
            "avg": 7.435577594654791,
            "min": 5.173576,
            "med": 6.731165,
            "max": 119.39723
        },
        "buy_order_count": {
            "count": 526,
            "rate": 8.021587271466355
        },
        "vus": {
            "min": 1,
            "max": 10,
            "value": 1
        },
        "http_reqs": {
            "count": 1347,
            "rate": 20.541973487956618
        },
        "checks": {
            "passes": 2689,
            "fails": 0,
            "value": 1
        },
        "http_req_duration": {
            "p(90)": 10.160542600000014,
            "p(95)": 12.489272500000006,
            "avg": 8.317317578322207,
            "min": 5.516094,
            "med": 7.000178,
            "max": 152.356407,
            "thresholds": {
                "p(99)<200": false
            }
        },
        "buy_order_rate": {
            "passes": 526,
            "fails": 816,
            "value": 0.3919523099850969
        },
        "vus_max": {
            "value": 10,
            "min": 10,
            "max": 10
        },
        "http_req_blocked": {
            "p(90)": 0.008477000000000002,
            "p(95)": 0.009781600000000001,
            "avg": 0.07788160207869352,
            "min": 0.002411,
            "med": 0.006499,
            "max": 10.112886
        },
        "http_req_connecting": {
            "p(95)": 0,
            "avg": 0.06992531403118041,
            "min": 0,
            "med": 0,
            "max": 9.995279,
            "p(90)": 0
        },
        "order_success_rate": {
            "fails": 0,
            "passes": 1342,
            "thresholds": {
                "rate>0.99": false
            },
            "value": 1
        },
        "http_req_duration{expected_response:true}": {
            "max": 152.356407,
            "p(90)": 10.160542600000014,
            "p(95)": 12.489272500000006,
            "avg": 8.317317578322207,
            "min": 5.516094,
            "med": 7.000178
        },
        "data_received": {
            "rate": 4039.09794367204,
            "count": 264856
        }
    },
    "setup_data": {
        "initialPrices": {
            "TEST-ASSET-A": 15000,
            "TEST-ASSET-B": 15000,
            "TEST-ASSET-C": 15000,
            "TEST-ASSET-D": 15000
        }
    },
    "root_group": {
        "name": "",
        "path": "",
        "id": "d41d8cd98f00b204e9800998ecf8427e",
        "groups": {
            "setup": {
                "name": "setup",
                "path": "::setup",
                "id": "5c0f8025f7e0b6654089e5b00e950f1a",
                "groups": {},
                "checks": {
                        "seed shard a status is 200": {
                            "name": "seed shard a status is 200",
                            "path": "::setup::seed shard a status is 200",
                            "id": "c91a68fe615f4172986f965dea3190ae",
                            "passes": 1,
                            "fails": 0
                        },
                        "seed BUY TEST-ASSET-A status 200": {
                            "id": "061c1a13cd84ee106d4be6a5e2ba1590",
                            "passes": 1,
                            "fails": 0,
                            "name": "seed BUY TEST-ASSET-A status 200",
                            "path": "::setup::seed BUY TEST-ASSET-A status 200"
                        },
                        "seed BUY TEST-ASSET-B status 200": {
                            "name": "seed BUY TEST-ASSET-B status 200",
                            "path": "::setup::seed BUY TEST-ASSET-B status 200",
                            "id": "2b28a0cdae2125dae7ec8f0b8f646bdd",
                            "passes": 1,
                            "fails": 0
                        },
                        "seed BUY TEST-ASSET-C status 200": {
                            "name": "seed BUY TEST-ASSET-C status 200",
                            "path": "::setup::seed BUY TEST-ASSET-C status 200",
                            "id": "482e794e78bd5659ce65484f50a11fdd",
                            "passes": 1,
                            "fails": 0
                        },
                        "seed BUY TEST-ASSET-D status 200": {
                            "name": "seed BUY TEST-ASSET-D status 200",
                            "path": "::setup::seed BUY TEST-ASSET-D status 200",
                            "id": "41d4b61880e8ac5d15f05d2e2804f066",
                            "passes": 1,
                            "fails": 0
                        }
                    }
            }
        },
        "checks": {
            "status is 200": {
                "name": "status is 200",
                "path": "::status is 200",
                "id": "6210a8cd14cd70477eba5c5e4cb3fb5f",
                "passes": 1342,
                "fails": 0
            },
            "latency < 200ms": {
                "path": "::latency < 200ms",
                "id": "d5d972e45ae02eeb06b87a71939ff40c",
                "passes": 1342,
                "fails": 0,
                "name": "latency < 200ms"
            }
        }
    }
}