{
    "metrics": {
        "vus_max": {
            "max": 40,
            "value": 40,
            "min": 40
        },
        "vus": {
            "value": 8,
            "min": 0,
            "max": 40
        },
        "http_req_duration": {
            "p(95)": 57.53550779999998,
            "avg": 25.06431649594978,
            "min": 3.151701,
            "med": 7.895732,
            "max": 1607.610614,
            "p(90)": 47.4101704,
            "thresholds": {
                "p(99)<200": false
            }
        },
        "order_success_rate": {
            "passes": 10967,
            "fails": 15,
            "thresholds": {
                "rate>0.99": false
            },
            "value": 0.9986341285740302
        },
        "http_req_receiving": {
            "p(90)": 37.9907612,
            "p(95)": 40.779884599999995,
            "avg": 12.164578638754948,
            "min": 0.009964,
            "med": 0.332985,
            "max": 1567.506298
        },
        "buy_order_rate": {
            "fails": 6706,
            "passes": 4276,
            "value": 0.3893644144964487
        },
        "matching_latency": {
            "avg": 24.912358881715534,
            "min": 3.151701,
            "med": 7.8888795,
            "max": 1607.610614,
            "p(90)": 47.3982672,
            "p(95)": 56.93369709999998,
            "thresholds": {
                "p(99)<200": false,
                "p(95)<150": false,
                "p(50)<100": false
            }
        },
        "http_req_waiting": {
            "min": 2.966864,
            "med": 5.292208,
            "max": 1569.698318,
            "p(90)": 42.1336816,
            "p(95)": 44.5096851,
            "avg": 12.832666013652481
        },
        "data_received": {
            "count": 2174760,
            "rate": 89798.04977149962
        },
        "total_order_count": {
            "count": 10982,
            "rate": 453.45793677951076
        },
        "http_req_connecting": {
            "p(90)": 0,
            "p(95)": 0,
            "avg": 0.029551112860653508,
            "min": 0,
            "med": 0,
            "max": 14.809943
        },
        "sell_order_rate": {
            "passes": 6706,
            "fails": 4276,
            "value": 0.6106355855035512
        },
        "iterations": {
            "count": 10982,
            "rate": 453.45793677951076
        },
        "http_req_tls_handshaking": {
            "med": 0,
            "max": 0,
            "p(90)": 0,
            "p(95)": 0,
            "avg": 0,
            "min": 0
        },
        "http_req_failed": {
            "passes": 0,
            "fails": 10987,
            "thresholds": {
                "rate<0.01": false
            },
            "value": 0
        },
        "http_reqs": {
            "count": 10987,
            "rate": 453.6643918590862
        },
        "http_req_blocked": {
            "min": 0.000963,
            "med": 0.00346,
            "max": 14.884257,
            "p(90)": 0.006174399999999998,
            "p(95)": 0.007241699999999999,
            "avg": 0.03398568426322042
        },
        "data_sent": {
            "count": 4626753,
            "rate": 191043.33175818718
        },
        "iteration_duration": {
            "med": 25.826750500000003,
            "max": 136.473868,
            "p(90)": 64.74499999999999,
            "p(95)": 81.97881059999996,
            "avg": 33.99293034684049,
            "min": 4.730512
        },
        "checks": {
            "passes": 21954,
            "fails": 15,
            "value": 0.9993172197186945
        },
        "buy_order_count": {
            "count": 4276,
            "rate": 176.56038405292188
        },
        "sell_order_count": {
            "count": 6706,
            "rate": 276.8975527265889
        },
        "http_req_duration{expected_response:true}": {
            "avg": 25.06431649594978,
            "min": 3.151701,
            "med": 7.895732,
            "max": 1607.610614,
            "p(90)": 47.4101704,
            "p(95)": 57.53550779999998
        },
        "http_req_sending": {
            "avg": 0.06707184354236859,
            "min": 0.004592,
            "med": 0.011781,
            "max": 530.056056,
            "p(90)": 0.04187479999999999,
            "p(95)": 0.05031229999999999
        }
    },
    "setup_data": {
        "initialPrices": {
            "TEST-ASSET-A": 15000,
            "TEST-ASSET-B": 15000,
            "TEST-ASSET-C": 15000,
            "TEST-ASSET-D": 15000
        }
    },
    "root_group": {
        "name": "",
        "path": "",
        "id": "d41d8cd98f00b204e9800998ecf8427e",
        "groups": {
            "setup": {
                "path": "::setup",
                "id": "5c0f8025f7e0b6654089e5b00e950f1a",
                "groups": {},
                "checks": {
                        "seed shard a status is 200": {
                            "name": "seed shard a status is 200",
                            "path": "::setup::seed shard a status is 200",
                            "id": "c91a68fe615f4172986f965dea3190ae",
                            "passes": 1,
                            "fails": 0
                        },
                        "seed BUY TEST-ASSET-A status 200": {
                            "name": "seed BUY TEST-ASSET-A status 200",
                            "path": "::setup::seed BUY TEST-ASSET-A status 200",
                            "id": "061c1a13cd84ee106d4be6a5e2ba1590",
                            "passes": 1,
                            "fails": 0
                        },
                        "seed BUY TEST-ASSET-B status 200": {
                            "passes": 1,
                            "fails": 0,
                            "name": "seed BUY TEST-ASSET-B status 200",
                            "path": "::setup::seed BUY TEST-ASSET-B status 200",
                            "id": "2b28a0cdae2125dae7ec8f0b8f646bdd"
                        },
                        "seed BUY TEST-ASSET-C status 200": {
                            "name": "seed BUY TEST-ASSET-C status 200",
                            "path": "::setup::seed BUY TEST-ASSET-C status 200",
                            "id": "482e794e78bd5659ce65484f50a11fdd",
                            "passes": 1,
                            "fails": 0
                        },
                        "seed BUY TEST-ASSET-D status 200": {
                            "name": "seed BUY TEST-ASSET-D status 200",
                            "path": "::setup::seed BUY TEST-ASSET-D status 200",
                            "id": "41d4b61880e8ac5d15f05d2e2804f066",
                            "passes": 1,
                            "fails": 0
                        }
                    },
                "name": "setup"
            }
        },
        "checks": {
            "status is 200": {
                "fails": 0,
                "name": "status is 200",
                "path": "::status is 200",
                "id": "6210a8cd14cd70477eba5c5e4cb3fb5f",
                "passes": 10982
            },
            "latency < 200ms": {
                "passes": 10967,
                "fails": 15,
                "name": "latency < 200ms",
                "path": "::latency < 200ms",
                "id": "d5d972e45ae02eeb06b87a71939ff40c"
            }
        }
    }
}