{
    "metrics": {
        "http_req_duration{expected_response:true}": {
            "p(90)": 43.970917,
            "p(95)": 46.8092292,
            "avg": 20.19478170878809,
            "min": 2.961117,
            "med": 5.671526,
            "max": 1596.125085
        },
        "checks": {
            "passes": 24727,
            "fails": 6,
            "value": 0.9997574091295031
        },
        "order_success_rate": {
            "passes": 12358,
            "fails": 6,
            "thresholds": {
                "rate>0.99": false
            },
            "value": 0.9995147201552895
        },
        "http_req_sending": {
            "avg": 0.026158489045193717,
            "min": 0.004638,
            "med": 0.011476,
            "max": 97.175732,
            "p(90)": 0.039539400000000016,
            "p(95)": 0.04927239999999997
        },
        "data_sent": {
            "count": 4961587,
            "rate": 207340.08286453623
        },
        "sell_order_count": {
            "count": 7693,
            "rate": 321.4832789341147
        },
        "http_reqs": {
            "rate": 516.8889480223664,
            "count": 12369
        },
        "http_req_receiving": {
            "p(90)": 37.7902672,
            "p(95)": 39.45614239999998,
            "avg": 11.38762419888426,
            "min": 0.01001,
            "med": 0.332729,
            "max": 1550.123109
        },
        "http_req_waiting": {
            "p(95)": 41.87638,
            "avg": 8.780999020858621,
            "min": 2.746423,
            "med": 4.889825,
            "max": 1554.928025,
            "p(90)": 12.125690400000005
        },
        "vus_max": {
            "value": 40,
            "min": 40,
            "max": 40
        },
        "iterations": {
            "count": 12364,
            "rate": 516.6800026961386
        },
        "http_req_failed": {
            "passes": 0,
            "fails": 12369,
            "thresholds": {
                "rate<0.01": false
            },
            "value": 0
        },
        "sell_order_rate": {
            "passes": 7693,
            "fails": 4671,
            "value": 0.6222096408929149
        },
        "buy_order_count": {
            "count": 4671,
            "rate": 195.19672376202388
        },
        "matching_latency": {
            "avg": 20.0691310581527,
            "min": 2.961117,
            "med": 5.6711314999999995,
            "max": 1596.125085,
            "p(90)": 43.9106403,
            "p(95)": 46.78602839999999,
            "thresholds": {
                "p(99)<200": false,
                "p(95)<150": false,
                "p(50)<100": false
            }
        },
        "http_req_tls_handshaking": {
            "max": 0,
            "p(90)": 0,
            "p(95)": 0,
            "avg": 0,
            "min": 0,
            "med": 0
        },
        "total_order_count": {
            "count": 12364,
            "rate": 516.6800026961386
        },
        "http_req_blocked": {
            "max": 10.687839,
            "p(90)": 0.00587,
            "p(95)": 0.006912,
            "avg": 0.028098340286199442,
            "min": 0.001027,
            "med": 0.003318
        },
        "data_received": {
            "count": 2448530,
            "rate": 102321.77992571791
        },
        "http_req_duration": {
            "avg": 20.19478170878809,
            "min": 2.961117,
            "med": 5.671526,
            "max": 1596.125085,
            "p(90)": 43.970917,
            "p(95)": 46.8092292,
            "thresholds": {
                "p(99)<200": false
            }
        },
        "http_req_connecting": {
            "med": 0,
            "max": 10.551734,
            "p(90)": 0,
            "p(95)": 0,
            "avg": 0.023786801762470694,
            "min": 0
        },
        "vus": {
            "max": 39,
            "value": 7,
            "min": 0
        },
        "buy_order_rate": {
            "passes": 4671,
            "fails": 7693,
            "value": 0.3777903591070851
        },
        "iteration_duration": {
            "avg": 30.17773971433206,
            "min": 4.791238,
            "med": 21.1304875,
            "max": 131.62115,
            "p(90)": 58.6720245,
            "p(95)": 69.73383914999998
        }
    },
    "setup_data": {
        "initialPrices": {
            "TEST-ASSET-A": 15000,
            "TEST-ASSET-B": 15000,
            "TEST-ASSET-C": 15000,
            "TEST-ASSET-D": 15000
        }
    },
    "root_group": {
        "name": "",
        "path": "",
        "id": "d41d8cd98f00b204e9800998ecf8427e",
        "groups": {
            "setup": {
                "name": "setup",
                "path": "::setup",
                "id": "5c0f8025f7e0b6654089e5b00e950f1a",
                "groups": {},
                "checks": {
                        "seed shard a status is 200": {
                            "fails": 0,
                            "name": "seed shard a status is 200",
                            "path": "::setup::seed shard a status is 200",
                            "id": "c91a68fe615f4172986f965dea3190ae",
                            "passes": 1
                        },
                        "seed BUY TEST-ASSET-A status 200": {
                            "name": "seed BUY TEST-ASSET-A status 200",
                            "path": "::setup::seed BUY TEST-ASSET-A status 200",
                            "id": "061c1a13cd84ee106d4be6a5e2ba1590",
                            "passes": 1,
                            "fails": 0
                        },
                        "seed BUY TEST-ASSET-B status 200": {
                            "name": "seed BUY TEST-ASSET-B status 200",
                            "path": "::setup::seed BUY TEST-ASSET-B status 200",
                            "id": "2b28a0cdae2125dae7ec8f0b8f646bdd",
                            "passes": 1,
                            "fails": 0
                        },
                        "seed BUY TEST-ASSET-C status 200": {
                            "name": "seed BUY TEST-ASSET-C status 200",
                            "path": "::setup::seed BUY TEST-ASSET-C status 200",
                            "id": "482e794e78bd5659ce65484f50a11fdd",
                            "passes": 1,
                            "fails": 0
                        },
                        "seed BUY TEST-ASSET-D status 200": {
                            "name": "seed BUY TEST-ASSET-D status 200",
                            "path": "::setup::seed BUY TEST-ASSET-D status 200",
                            "id": "41d4b61880e8ac5d15f05d2e2804f066",
                            "passes": 1,
                            "fails": 0
                        }
                    }
            }
        },
        "checks": {
            "status is 200": {
                "path": "::status is 200",
                "id": "6210a8cd14cd70477eba5c5e4cb3fb5f",
                "passes": 12364,
                "fails": 0,
                "name": "status is 200"
            },
            "latency < 200ms": {
                "path": "::latency < 200ms",
                "id": "d5d972e45ae02eeb06b87a71939ff40c",
                "passes": 12358,
                "fails": 6,
                "name": "latency < 200ms"
            }
        }
    }
}