{
    "metrics": {
        "vus": {
            "value": 8,
            "min": 0,
            "max": 40
        },
        "buy_order_count": {
            "rate": 220.41334653644623,
            "count": 5014
        },
        "http_req_failed": {
            "passes": 0,
            "fails": 12960,
            "thresholds": {
                "rate<0.01": false
            },
            "value": 0
        },
        "http_req_blocked": {
            "p(95)": 0.011121,
            "avg": 0.03350195856481485,
            "min": 0.00107,
            "med": 0.005379,
            "max": 13.524824,
            "p(90)": 0.0093234
        },
        "order_success_rate": {
            "passes": 12900,
            "fails": 55,
            "thresholds": {
                "rate>0.99": false
            },
            "value": 0.995754534928599
        },
        "data_sent": {
            "count": 5104019,
            "rate": 224370.54419138527
        },
        "sell_order_count": {
            "count": 7941,
            "rate": 349.0830444447386
        },
        "iterations": {
            "count": 12955,
            "rate": 569.4963909811848
        },
        "http_reqs": {
            "count": 12960,
            "rate": 569.7161888935666
        },
        "http_req_connecting": {
            "avg": 0.026933541203703705,
            "min": 0,
            "med": 0,
            "max": 13.394466,
            "p(90)": 0,
            "p(95)": 0
        },
        "http_req_waiting": {
            "med": 6.2290765,
            "max": 822.893223,
            "p(90)": 44.6717756,
            "p(95)": 45.7238609,
            "avg": 13.978385137731578,
            "min": 3.051567
        },
        "http_req_receiving": {
            "avg": 12.526335273765424,
            "min": 0.013597,
            "med": 0.310824,
            "max": 544.38392,
            "p(90)": 40.0609558,
            "p(95)": 41.05011965
        },
        "data_received": {
            "rate": 112749.91095281018,
            "count": 2564854
        },
        "total_order_count": {
            "count": 12955,
            "rate": 569.4963909811848
        },
        "iteration_duration": {
            "avg": 28.7790298131995,
            "min": 4.628914,
            "med": 15.856305,
            "max": 114.352134,
            "p(90)": 55.0610882,
            "p(95)": 65.04979359999999
        },
        "checks": {
            "passes": 25860,
            "fails": 55,
            "value": 0.9978776770210303
        },
        "vus_max": {
            "value": 40,
            "min": 40,
            "max": 40
        },
        "http_req_duration": {
            "avg": 26.54354808796296,
            "min": 3.304006,
            "med": 9.96881,
            "max": 888.945112,
            "p(90)": 49.7109516,
            "p(95)": 62.366417449999965,
            "thresholds": {
                "p(99)<200": false
            }
        },
        "buy_order_rate": {
            "passes": 5014,
            "fails": 7941,
            "value": 0.38703203396372055
        },
        "matching_latency": {
            "min": 3.304006,
            "med": 9.963875,
            "max": 583.862188,
            "p(90)": 49.6783552,
            "p(95)": 62.257220199999985,
            "avg": 26.417269978000768,
            "thresholds": {
                "p(99)<200": false,
                "p(95)<150": false,
                "p(50)<100": false
            }
        },
        "http_req_sending": {
            "avg": 0.038827676466049434,
            "min": 0.004989,
            "med": 0.0233575,
            "max": 65.762329,
            "p(90)": 0.061005000000000004,
            "p(95)": 0.07356394999999995
        },
        "http_req_tls_handshaking": {
            "avg": 0,
            "min": 0,
            "med": 0,
            "max": 0,
            "p(90)": 0,
            "p(95)": 0
        },
        "sell_order_rate": {
            "passes": 7941,
            "fails": 5014,
            "value": 0.6129679660362795
        },
        "http_req_duration{expected_response:true}": {
            "p(95)": 62.366417449999965,
            "avg": 26.54354808796296,
            "min": 3.304006,
            "med": 9.96881,
            "max": 888.945112,
            "p(90)": 49.7109516
        }
    },
    "setup_data": {
        "initialPrices": {
            "TEST-ASSET-D": 15000,
            "TEST-ASSET-A": 15000,
            "TEST-ASSET-B": 15000,
            "TEST-ASSET-C": 15000
        }
    },
    "root_group": {
        "name": "",
        "path": "",
        "id": "d41d8cd98f00b204e9800998ecf8427e",
        "groups": {
            "setup": {
                "name": "setup",
                "path": "::setup",
                "id": "5c0f8025f7e0b6654089e5b00e950f1a",
                "groups": {},
                "checks": {
                        "seed shard a status is 200": {
                            "name": "seed shard a status is 200",
                            "path": "::setup::seed shard a status is 200",
                            "id": "c91a68fe615f4172986f965dea3190ae",
                            "passes": 1,
                            "fails": 0
                        },
                        "seed BUY TEST-ASSET-A status 200": {
                            "id": "061c1a13cd84ee106d4be6a5e2ba1590",
                            "passes": 1,
                            "fails": 0,
                            "name": "seed BUY TEST-ASSET-A status 200",
                            "path": "::setup::seed BUY TEST-ASSET-A status 200"
                        },
                        "seed BUY TEST-ASSET-B status 200": {
                            "id": "2b28a0cdae2125dae7ec8f0b8f646bdd",
                            "passes": 1,
                            "fails": 0,
                            "name": "seed BUY TEST-ASSET-B status 200",
                            "path": "::setup::seed BUY TEST-ASSET-B status 200"
                        },
                        "seed BUY TEST-ASSET-C status 200": {
                            "passes": 1,
                            "fails": 0,
                            "name": "seed BUY TEST-ASSET-C status 200",
                            "path": "::setup::seed BUY TEST-ASSET-C status 200",
                            "id": "482e794e78bd5659ce65484f50a11fdd"
                        },
                        "seed BUY TEST-ASSET-D status 200": {
                            "passes": 1,
                            "fails": 0,
                            "name": "seed BUY TEST-ASSET-D status 200",
                            "path": "::setup::seed BUY TEST-ASSET-D status 200",
                            "id": "41d4b61880e8ac5d15f05d2e2804f066"
                        }
                    }
            }
        },
        "checks": {
            "status is 200": {
                "name": "status is 200",
                "path": "::status is 200",
                "id": "6210a8cd14cd70477eba5c5e4cb3fb5f",
                "passes": 12955,
                "fails": 0
            },
            "latency < 200ms": {
                "name": "latency < 200ms",
                "path": "::latency < 200ms",
                "id": "d5d972e45ae02eeb06b87a71939ff40c",
                "passes": 12900,
                "fails": 55
            }
        }
    }
}