{
    "metrics": {
        "data_sent": {
            "count": 5401157,
            "rate": 236338.67164543012
        },
        "http_reqs": {
            "count": 14186,
            "rate": 620.73744495153
        },
        "buy_order_rate": {
            "passes": 5568,
            "fails": 8613,
            "value": 0.39263803680981596
        },
        "sell_order_count": {
            "count": 8613,
            "rate": 376.8794313666663
        },
        "data_received": {
            "count": 2807998,
            "rate": 122869.6957527849
        },
        "total_order_count": {
            "count": 14181,
            "rate": 620.5186597249153
        },
        "http_req_duration{expected_response:true}": {
            "max": 895.881609,
            "p(90)": 46.5023925,
            "p(95)": 53.02992575,
            "avg": 22.44877818870727,
            "min": 3.286836,
            "med": 6.939775
        },
        "checks": {
            "passes": 28363,
            "fails": 4,
            "value": 0.9998589910811859
        },
        "iteration_duration": {
            "avg": 26.31305329264528,
            "min": 4.693879,
            "med": 13.489323,
            "max": 125.70143,
            "p(90)": 52.844006,
            "p(95)": 59.264744
        },
        "order_success_rate": {
            "passes": 14177,
            "fails": 4,
            "thresholds": {
                "rate>0.99": false
            },
            "value": 0.9997179324448205
        },
        "http_req_receiving": {
            "p(90)": 40.091128499999996,
            "p(95)": 40.849424,
            "avg": 12.8249621348513,
            "min": 0.010879,
            "med": 0.347089,
            "max": 520.57544
        },
        "iterations": {
            "count": 14181,
            "rate": 620.5186597249153
        },
        "vus_max": {
            "value": 40,
            "min": 40,
            "max": 40
        },
        "http_req_sending": {
            "avg": 0.030671753630339724,
            "min": 0.005014,
            "med": 0.014853,
            "max": 89.369532,
            "p(90)": 0.0485515,
            "p(95)": 0.057724
        },
        "http_req_tls_handshaking": {
            "max": 0,
            "p(90)": 0,
            "p(95)": 0,
            "avg": 0,
            "min": 0,
            "med": 0
        },
        "http_req_waiting": {
            "avg": 9.593144300225525,
            "min": 2.964865,
            "med": 5.2605125,
            "max": 806.181213,
            "p(90)": 19.033444000000003,
            "p(95)": 44.2524875
        },
        "buy_order_count": {
            "count": 5568,
            "rate": 243.63922835824894
        },
        "http_req_failed": {
            "passes": 0,
            "fails": 14186,
            "thresholds": {
                "rate<0.01": false
            },
            "value": 0
        },
        "matching_latency": {
            "avg": 22.329904842112793,
            "min": 3.286836,
            "med": 6.936664,
            "max": 527.012809,
            "p(90)": 46.476422,
            "p(95)": 52.952964,
            "thresholds": {
                "p(99)<200": false,
                "p(95)<150": false,
                "p(50)<100": false
            }
        },
        "http_req_duration": {
            "p(95)": 53.02992575,
            "avg": 22.44877818870727,
            "min": 3.286836,
            "med": 6.939775,
            "max": 895.881609,
            "p(90)": 46.5023925,
            "thresholds": {
                "p(99)<200": false
            }
        },
        "vus": {
            "min": 0,
            "max": 39,
            "value": 1
        },
        "http_req_blocked": {
            "avg": 0.02994660136754562,
            "min": 0.001071,
            "med": 0.0040605,
            "max": 15.262418,
            "p(90)": 0.006880000000000001,
            "p(95)": 0.00816125
        },
        "http_req_connecting": {
            "med": 0,
            "max": 15.185972,
            "p(90)": 0,
            "p(95)": 0,
            "avg": 0.02481697857042155,
            "min": 0
        },
        "sell_order_rate": {
            "passes": 8613,
            "fails": 5568,
            "value": 0.6073619631901841
        }
    },
    "setup_data": {
        "initialPrices": {
            "TEST-ASSET-D": 15000,
            "TEST-ASSET-A": 15000,
            "TEST-ASSET-B": 15000,
            "TEST-ASSET-C": 15000
        }
    },
    "root_group": {
        "path": "",
        "id": "d41d8cd98f00b204e9800998ecf8427e",
        "groups": {
            "setup": {
                "groups": {},
                "checks": {
                        "seed shard a status is 200": {
                            "name": "seed shard a status is 200",
                            "path": "::setup::seed shard a status is 200",
                            "id": "c91a68fe615f4172986f965dea3190ae",
                            "passes": 1,
                            "fails": 0
                        },
                        "seed BUY TEST-ASSET-A status 200": {
                            "name": "seed BUY TEST-ASSET-A status 200",
                            "path": "::setup::seed BUY TEST-ASSET-A status 200",
                            "id": "061c1a13cd84ee106d4be6a5e2ba1590",
                            "passes": 1,
                            "fails": 0
                        },
                        "seed BUY TEST-ASSET-B status 200": {
                            "name": "seed BUY TEST-ASSET-B status 200",
                            "path": "::setup::seed BUY TEST-ASSET-B status 200",
                            "id": "2b28a0cdae2125dae7ec8f0b8f646bdd",
                            "passes": 1,
                            "fails": 0
                        },
                        "seed BUY TEST-ASSET-C status 200": {
                            "path": "::setup::seed BUY TEST-ASSET-C status 200",
                            "id": "482e794e78bd5659ce65484f50a11fdd",
                            "passes": 1,
                            "fails": 0,
                            "name": "seed BUY TEST-ASSET-C status 200"
                        },
                        "seed BUY TEST-ASSET-D status 200": {
                            "name": "seed BUY TEST-ASSET-D status 200",
                            "path": "::setup::seed BUY TEST-ASSET-D status 200",
                            "id": "41d4b61880e8ac5d15f05d2e2804f066",
                            "passes": 1,
                            "fails": 0
                        }
                    },
                "name": "setup",
                "path": "::setup",
                "id": "5c0f8025f7e0b6654089e5b00e950f1a"
            }
        },
        "checks": {
            "status is 200": {
                "name": "status is 200",
                "path": "::status is 200",
                "id": "6210a8cd14cd70477eba5c5e4cb3fb5f",
                "passes": 14181,
                "fails": 0
            },
            "latency < 200ms": {
                "passes": 14177,
                "fails": 4,
                "name": "latency < 200ms",
                "path": "::latency < 200ms",
                "id": "d5d972e45ae02eeb06b87a71939ff40c"
            }
        },
        "name": ""
    }
}