{
    "metrics": {
        "http_req_receiving": {
            "med": 0.207681,
            "max": 45.179245,
            "p(90)": 0.35264219999999996,
            "p(95)": 0.44669219999999854,
            "avg": 1.0022459362340594,
            "min": 0.026591
        },
        "sell_order_count": {
            "count": 832,
            "rate": 13.319387118354149
        },
        "matching_latency": {
            "avg": 8.898826978162633,
            "min": 5.0364,
            "med": 7.3285105,
            "max": 419.937331,
            "p(90)": 10.356360999999998,
            "p(95)": 13.081471499999994,
            "thresholds": {
                "p(99)<200": false,
                "p(95)<150": false,
                "p(50)<100": false
            }
        },
        "http_req_connecting": {
            "p(95)": 0,
            "avg": 0.07411815528882221,
            "min": 0,
            "med": 0,
            "max": 9.796989,
            "p(90)": 0
        },
        "http_req_duration{expected_response:true}": {
            "min": 5.0364,
            "med": 7.330994,
            "max": 419.937331,
            "p(90)": 10.564432199999997,
            "p(95)": 13.368170199999986,
            "avg": 9.150408017254296
        },
        "data_received": {
            "rate": 4195.815057705281,
            "count": 262093
        },
        "iteration_duration": {
            "max": 1048.086919,
            "p(90)": 1007.7721633,
            "p(95)": 1008.51108215,
            "avg": 418.21933248192835,
            "min": 16.849965,
            "med": 330.3096365
        },
        "iterations": {
            "count": 1328,
            "rate": 21.259790977372965
        },
        "http_req_sending": {
            "min": 0.010352,
            "med": 0.05493,
            "max": 17.823804,
            "p(90)": 0.07886299999999999,
            "p(95)": 0.09522379999999998,
            "avg": 0.07300012528132034
        },
        "http_reqs": {
            "count": 1333,
            "rate": 21.339835371113075
        },
        "http_req_tls_handshaking": {
            "p(90)": 0,
            "p(95)": 0,
            "avg": 0,
            "min": 0,
            "med": 0,
            "max": 0
        },
        "order_success_rate": {
            "passes": 1327,
            "fails": 1,
            "thresholds": {
                "rate>0.99": false
            },
            "value": 0.9992469879518072
        },
        "total_order_count": {
            "count": 1328,
            "rate": 21.259790977372965
        },
        "vus_max": {
            "value": 10,
            "min": 10,
            "max": 10
        },
        "checks": {
            "passes": 2660,
            "fails": 1,
            "value": 0.9996242014280345
        },
        "http_req_failed": {
            "passes": 0,
            "fails": 1333,
            "thresholds": {
                "rate<0.01": false
            },
            "value": 0
        },
        "http_req_waiting": {
            "avg": 8.075161955738926,
            "min": 4.875446,
            "med": 7.010337,
            "max": 419.76279,
            "p(90)": 9.5679188,
            "p(95)": 11.955695999999996
        },
        "http_req_blocked": {
            "avg": 0.0841826144036008,
            "min": 0.003051,
            "med": 0.007679,
            "max": 9.923854,
            "p(90)": 0.0125326,
            "p(95)": 0.014885799999999996
        },
        "buy_order_rate": {
            "passes": 496,
            "fails": 832,
            "value": 0.37349397590361444
        },
        "buy_order_count": {
            "count": 496,
            "rate": 7.940403859018819
        },
        "vus": {
            "value": 2,
            "min": 2,
            "max": 10
        },
        "data_sent": {
            "count": 810271,
            "rate": 12971.530192038383
        },
        "http_req_duration": {
            "avg": 9.150408017254296,
            "min": 5.0364,
            "med": 7.330994,
            "max": 419.937331,
            "p(90)": 10.564432199999997,
            "p(95)": 13.368170199999986,
            "thresholds": {
                "p(99)<200": false
            }
        },
        "sell_order_rate": {
            "passes": 832,
            "fails": 496,
            "value": 0.6265060240963856
        }
    },
    "setup_data": {
        "initialPrices": {
            "TEST-ASSET-A": 15000,
            "TEST-ASSET-B": 15000,
            "TEST-ASSET-C": 15000,
            "TEST-ASSET-D": 15000
        }
    },
    "root_group": {
        "name": "",
        "path": "",
        "id": "d41d8cd98f00b204e9800998ecf8427e",
        "groups": {
            "setup": {
                "name": "setup",
                "path": "::setup",
                "id": "5c0f8025f7e0b6654089e5b00e950f1a",
                "groups": {},
                "checks": {
                        "seed shard a status is 200": {
                            "passes": 1,
                            "fails": 0,
                            "name": "seed shard a status is 200",
                            "path": "::setup::seed shard a status is 200",
                            "id": "c91a68fe615f4172986f965dea3190ae"
                        },
                        "seed BUY TEST-ASSET-A status 200": {
                            "name": "seed BUY TEST-ASSET-A status 200",
                            "path": "::setup::seed BUY TEST-ASSET-A status 200",
                            "id": "061c1a13cd84ee106d4be6a5e2ba1590",
                            "passes": 1,
                            "fails": 0
                        },
                        "seed BUY TEST-ASSET-B status 200": {
                            "id": "2b28a0cdae2125dae7ec8f0b8f646bdd",
                            "passes": 1,
                            "fails": 0,
                            "name": "seed BUY TEST-ASSET-B status 200",
                            "path": "::setup::seed BUY TEST-ASSET-B status 200"
                        },
                        "seed BUY TEST-ASSET-C status 200": {
                            "fails": 0,
                            "name": "seed BUY TEST-ASSET-C status 200",
                            "path": "::setup::seed BUY TEST-ASSET-C status 200",
                            "id": "482e794e78bd5659ce65484f50a11fdd",
                            "passes": 1
                        },
                        "seed BUY TEST-ASSET-D status 200": {
                            "name": "seed BUY TEST-ASSET-D status 200",
                            "path": "::setup::seed BUY TEST-ASSET-D status 200",
                            "id": "41d4b61880e8ac5d15f05d2e2804f066",
                            "passes": 1,
                            "fails": 0
                        }
                    }
            }
        },
        "checks": {
            "status is 200": {
                "name": "status is 200",
                "path": "::status is 200",
                "id": "6210a8cd14cd70477eba5c5e4cb3fb5f",
                "passes": 1328,
                "fails": 0
            },
            "latency < 200ms": {
                "name": "latency < 200ms",
                "path": "::latency < 200ms",
                "id": "d5d972e45ae02eeb06b87a71939ff40c",
                "passes": 1327,
                "fails": 1
            }
        }
    }
}