{
    "metrics": {
        "http_req_connecting": {
            "avg": 0.072134903917221,
            "min": 0,
            "med": 0,
            "max": 11.044395,
            "p(90)": 0,
            "p(95)": 0
        },
        "vus_max": {
            "min": 10,
            "max": 10,
            "value": 10
        },
        "http_req_waiting": {
            "avg": 8.673893482631183,
            "min": 3.993441,
            "med": 7.035438,
            "max": 410.641467,
            "p(90)": 9.564770999999999,
            "p(95)": 12.467671999999993
        },
        "buy_order_rate": {
            "passes": 514,
            "fails": 834,
            "value": 0.38130563798219586
        },
        "matching_latency": {
            "min": 4.330366,
            "med": 7.351026,
            "max": 411.168804,
            "p(90)": 10.506254299999998,
            "p(95)": 13.503396249999989,
            "avg": 9.491172835311563,
            "thresholds": {
                "p(99)<200": false,
                "p(95)<150": false,
                "p(50)<100": false
            }
        },
        "http_reqs": {
            "count": 1353,
            "rate": 21.678591399129708
        },
        "data_sent": {
            "rate": 13059.372525634339,
            "count": 815059
        },
        "iterations": {
            "count": 1348,
            "rate": 21.598478348874238
        },
        "http_req_failed": {
            "passes": 0,
            "fails": 1353,
            "thresholds": {
                "rate<0.01": false
            },
            "value": 0
        },
        "http_req_duration{expected_response:true}": {
            "avg": 9.737448111603833,
            "min": 4.330366,
            "med": 7.351886,
            "max": 411.168804,
            "p(90)": 10.640956999999998,
            "p(95)": 13.8046584
        },
        "total_order_count": {
            "count": 1348,
            "rate": 21.598478348874238
        },
        "http_req_tls_handshaking": {
            "med": 0,
            "max": 0,
            "p(90)": 0,
            "p(95)": 0,
            "avg": 0,
            "min": 0
        },
        "http_req_duration": {
            "p(95)": 13.8046584,
            "avg": 9.737448111603833,
            "min": 4.330366,
            "med": 7.351886,
            "max": 411.168804,
            "p(90)": 10.640956999999998,
            "thresholds": {
                "p(99)<200": false
            }
        },
        "buy_order_count": {
            "count": 514,
            "rate": 8.235621566262136
        },
        "order_success_rate": {
            "fails": 2,
            "passes": 1346,
            "thresholds": {
                "rate>0.99": false
            },
            "value": 0.9985163204747775
        },
        "data_received": {
            "count": 266049,
            "rate": 4262.799381483414
        },
        "sell_order_rate": {
            "fails": 514,
            "passes": 834,
            "value": 0.6186943620178041
        },
        "http_req_sending": {
            "med": 0.054141,
            "max": 26.929117,
            "p(90)": 0.0808746,
            "p(95)": 0.09891619999999998,
            "avg": 0.0795390606060606,
            "min": 0.009416
        },
        "vus": {
            "value": 1,
            "min": 1,
            "max": 10
        },
        "http_req_blocked": {
            "med": 0.007523,
            "max": 11.177255,
            "p(90)": 0.012791799999999999,
            "p(95)": 0.015664799999999996,
            "avg": 0.08211853954175913,
            "min": 0.002489
        },
        "sell_order_count": {
            "count": 834,
            "rate": 13.362856782612104
        },
        "iteration_duration": {
            "min": 17.216785,
            "med": 322.369092,
            "max": 1048.995212,
            "p(90)": 1007.5769605,
            "p(95)": 1008.5026637,
            "avg": 412.27017843175076
        },
        "http_req_receiving": {
            "med": 0.231052,
            "max": 42.365616,
            "p(90)": 0.3653694,
            "p(95)": 0.4595213999999985,
            "avg": 0.9840155683665912,
            "min": 0.024015
        },
        "checks": {
            "passes": 2699,
            "fails": 2,
            "value": 0.9992595335061089
        }
    },
    "setup_data": {
        "initialPrices": {
            "TEST-ASSET-A": 15000,
            "TEST-ASSET-B": 15000,
            "TEST-ASSET-C": 15000,
            "TEST-ASSET-D": 15000
        }
    },
    "root_group": {
        "name": "",
        "path": "",
        "id": "d41d8cd98f00b204e9800998ecf8427e",
        "groups": {
            "setup": {
                "groups": {},
                "checks": {
                        "seed shard a status is 200": {
                            "path": "::setup::seed shard a status is 200",
                            "id": "c91a68fe615f4172986f965dea3190ae",
                            "passes": 1,
                            "fails": 0,
                            "name": "seed shard a status is 200"
                        },
                        "seed BUY TEST-ASSET-A status 200": {
                            "id": "061c1a13cd84ee106d4be6a5e2ba1590",
                            "passes": 1,
                            "fails": 0,
                            "name": "seed BUY TEST-ASSET-A status 200",
                            "path": "::setup::seed BUY TEST-ASSET-A status 200"
                        },
                        "seed BUY TEST-ASSET-B status 200": {
                            "name": "seed BUY TEST-ASSET-B status 200",
                            "path": "::setup::seed BUY TEST-ASSET-B status 200",
                            "id": "2b28a0cdae2125dae7ec8f0b8f646bdd",
                            "passes": 1,
                            "fails": 0
                        },
                        "seed BUY TEST-ASSET-C status 200": {
                            "path": "::setup::seed BUY TEST-ASSET-C status 200",
                            "id": "482e794e78bd5659ce65484f50a11fdd",
                            "passes": 1,
                            "fails": 0,
                            "name": "seed BUY TEST-ASSET-C status 200"
                        },
                        "seed BUY TEST-ASSET-D status 200": {
                            "id": "41d4b61880e8ac5d15f05d2e2804f066",
                            "passes": 1,
                            "fails": 0,
                            "name": "seed BUY TEST-ASSET-D status 200",
                            "path": "::setup::seed BUY TEST-ASSET-D status 200"
                        }
                    },
                "name": "setup",
                "path": "::setup",
                "id": "5c0f8025f7e0b6654089e5b00e950f1a"
            }
        },
        "checks": {
            "status is 200": {
                "name": "status is 200",
                "path": "::status is 200",
                "id": "6210a8cd14cd70477eba5c5e4cb3fb5f",
                "passes": 1348,
                "fails": 0
            },
            "latency < 200ms": {
                "id": "d5d972e45ae02eeb06b87a71939ff40c",
                "passes": 1346,
                "fails": 2,
                "name": "latency < 200ms",
                "path": "::latency < 200ms"
            }
        }
    }
}