{
    "metrics": {
        "http_req_duration": {
            "avg": 19.56356794661944,
            "min": 3.01784,
            "med": 6.084897,
            "max": 832.429872,
            "p(90)": 45.818203000000004,
            "p(95)": 47.879074799999984,
            "thresholds": {
                "p(99)<200": false
            }
        },
        "data_received": {
            "count": 2461642,
            "rate": 112977.64837745228
        },
        "http_req_tls_handshaking": {
            "avg": 0,
            "min": 0,
            "med": 0,
            "max": 0,
            "p(90)": 0,
            "p(95)": 0
        },
        "http_req_sending": {
            "p(95)": 0.053084,
            "avg": 0.06491712066886451,
            "min": 0.004812,
            "med": 0.01328,
            "max": 550.77128,
            "p(90)": 0.0446394
        },
        "http_req_duration{expected_response:true}": {
            "avg": 19.56356794661944,
            "min": 3.01784,
            "med": 6.084897,
            "max": 832.429872,
            "p(90)": 45.818203000000004,
            "p(95)": 47.879074799999984
        },
        "order_success_rate": {
            "passes": 12434,
            "fails": 0,
            "thresholds": {
                "rate>0.99": false
            },
            "value": 1
        },
        "http_req_connecting": {
            "avg": 0.0300886167698368,
            "min": 0,
            "med": 0,
            "max": 18.296592,
            "p(90)": 0,
            "p(95)": 0
        },
        "http_req_receiving": {
            "med": 0.321169,
            "max": 60.297857,
            "p(90)": 38.639375400000006,
            "p(95)": 40.9078265,
            "avg": 10.747608558887297,
            "min": 0.011589
        },
        "matching_latency": {
            "p(90)": 45.813864,
            "p(95)": 47.820752399999996,
            "avg": 19.43763200571009,
            "min": 3.01784,
            "med": 6.083843999999999,
            "max": 95.723697,
            "thresholds": {
                "p(50)<100": false,
                "p(99)<200": false,
                "p(95)<150": false
            }
        },
        "http_req_waiting": {
            "avg": 8.751042267063234,
            "min": 2.819284,
            "med": 5.083199,
            "max": 281.486389,
            "p(90)": 13.288537000000002,
            "p(95)": 41.8957459
        },
        "iterations": {
            "count": 12434,
            "rate": 570.6614040243226
        },
        "vus": {
            "max": 39,
            "value": 7,
            "min": 0
        },
        "data_sent": {
            "count": 4977620,
            "rate": 228449.0604712521
        },
        "sell_order_rate": {
            "passes": 7591,
            "fails": 4843,
            "value": 0.6105034582596107
        },
        "sell_order_count": {
            "count": 7591,
            "rate": 348.3907606521339
        },
        "checks": {
            "passes": 24873,
            "fails": 0,
            "value": 1
        },
        "vus_max": {
            "value": 40,
            "min": 40,
            "max": 40
        },
        "total_order_count": {
            "rate": 570.6614040243226,
            "count": 12434
        },
        "http_reqs": {
            "count": 12439,
            "rate": 570.8908802202468
        },
        "buy_order_rate": {
            "passes": 4843,
            "fails": 7591,
            "value": 0.3894965417403893
        },
        "iteration_duration": {
            "min": 4.289598,
            "med": 20.647192,
            "max": 133.718,
            "p(90)": 59.36062570000001,
            "p(95)": 69.35718129999971,
            "avg": 30.032510550989212
        },
        "buy_order_count": {
            "count": 4843,
            "rate": 222.27064337218872
        },
        "http_req_failed": {
            "passes": 0,
            "fails": 12439,
            "thresholds": {
                "rate<0.01": false
            },
            "value": 0
        },
        "http_req_blocked": {
            "avg": 0.03487097347053626,
            "min": 0.000916,
            "med": 0.00385,
            "max": 18.390035,
            "p(90)": 0.006499,
            "p(95)": 0.007535
        }
    },
    "setup_data": {
        "initialPrices": {
            "TEST-ASSET-A": 15000,
            "TEST-ASSET-B": 15000,
            "TEST-ASSET-C": 15000,
            "TEST-ASSET-D": 15000
        }
    },
    "root_group": {
        "name": "",
        "path": "",
        "id": "d41d8cd98f00b204e9800998ecf8427e",
        "groups": {
            "setup": {
                "groups": {},
                "checks": {
                        "seed shard a status is 200": {
                            "name": "seed shard a status is 200",
                            "path": "::setup::seed shard a status is 200",
                            "id": "c91a68fe615f4172986f965dea3190ae",
                            "passes": 1,
                            "fails": 0
                        },
                        "seed BUY TEST-ASSET-A status 200": {
                            "name": "seed BUY TEST-ASSET-A status 200",
                            "path": "::setup::seed BUY TEST-ASSET-A status 200",
                            "id": "061c1a13cd84ee106d4be6a5e2ba1590",
                            "passes": 1,
                            "fails": 0
                        },
                        "seed BUY TEST-ASSET-B status 200": {
                            "name": "seed BUY TEST-ASSET-B status 200",
                            "path": "::setup::seed BUY TEST-ASSET-B status 200",
                            "id": "2b28a0cdae2125dae7ec8f0b8f646bdd",
                            "passes": 1,
                            "fails": 0
                        },
                        "seed BUY TEST-ASSET-C status 200": {
                            "passes": 1,
                            "fails": 0,
                            "name": "seed BUY TEST-ASSET-C status 200",
                            "path": "::setup::seed BUY TEST-ASSET-C status 200",
                            "id": "482e794e78bd5659ce65484f50a11fdd"
                        },
                        "seed BUY TEST-ASSET-D status 200": {
                            "passes": 1,
                            "fails": 0,
                            "name": "seed BUY TEST-ASSET-D status 200",
                            "path": "::setup::seed BUY TEST-ASSET-D status 200",
                            "id": "41d4b61880e8ac5d15f05d2e2804f066"
                        }
                    },
                "name": "setup",
                "path": "::setup",
                "id": "5c0f8025f7e0b6654089e5b00e950f1a"
            }
        },
        "checks": {
            "status is 200": {
                "name": "status is 200",
                "path": "::status is 200",
                "id": "6210a8cd14cd70477eba5c5e4cb3fb5f",
                "passes": 12434,
                "fails": 0
            },
            "latency < 200ms": {
                "fails": 0,
                "name": "latency < 200ms",
                "path": "::latency < 200ms",
                "id": "d5d972e45ae02eeb06b87a71939ff40c",
                "passes": 12434
            }
        }
    }
}