{
    "metrics": {
        "vus": {
            "max": 10,
            "value": 2,
            "min": 1
        },
        "http_req_waiting": {
            "max": 136.878757,
            "p(90)": 10.05879,
            "p(95)": 11.988561,
            "avg": 7.625822196003063,
            "min": 5.360564,
            "med": 6.763642
        },
        "buy_order_rate": {
            "passes": 494,
            "fails": 802,
            "value": 0.38117283950617287
        },
        "buy_order_count": {
            "count": 494,
            "rate": 7.669826499875834
        },
        "sell_order_count": {
            "rate": 12.451823588867244,
            "count": 802
        },
        "http_req_blocked": {
            "avg": 0.08221301152959241,
            "min": 0.002475,
            "med": 0.006453,
            "max": 15.81685,
            "p(90)": 0.008525,
            "p(95)": 0.009928
        },
        "order_success_rate": {
            "passes": 1296,
            "fails": 0,
            "thresholds": {
                "rate>0.99": false
            },
            "value": 1
        },
        "iteration_duration": {
            "p(95)": 1008.3502395,
            "avg": 428.54878853086353,
            "min": 16.201562,
            "med": 344.749013,
            "max": 1046.124582,
            "p(90)": 1007.5584005000001
        },
        "iterations": {
            "count": 1296,
            "rate": 20.121650088743078
        },
        "checks": {
            "passes": 2597,
            "fails": 0,
            "value": 1
        },
        "sell_order_rate": {
            "passes": 802,
            "fails": 494,
            "value": 0.6188271604938271
        },
        "http_req_duration{expected_response:true}": {
            "max": 162.25743,
            "p(90)": 10.949013,
            "p(95)": 13.68124,
            "avg": 8.772938923904702,
            "min": 5.455456,
            "med": 7.075391
        },
        "http_req_connecting": {
            "p(90)": 0,
            "p(95)": 0,
            "avg": 0.07429991544965411,
            "min": 0,
            "med": 0,
            "max": 15.69679
        },
        "http_req_duration": {
            "avg": 8.772938923904702,
            "min": 5.455456,
            "med": 7.075391,
            "max": 162.25743,
            "p(90)": 10.949013,
            "p(95)": 13.68124,
            "thresholds": {
                "p(99)<200": false
            }
        },
        "http_reqs": {
            "count": 1301,
            "rate": 20.199279911616316
        },
        "http_req_tls_handshaking": {
            "avg": 0,
            "min": 0,
            "med": 0,
            "max": 0,
            "p(90)": 0,
            "p(95)": 0
        },
        "vus_max": {
            "value": 10,
            "min": 10,
            "max": 10
        },
        "http_req_sending": {
            "p(95)": 0.072801,
            "avg": 0.0687419377401999,
            "min": 0.008232,
            "med": 0.048289,
            "max": 25.166085,
            "p(90)": 0.06314
        },
        "total_order_count": {
            "count": 1296,
            "rate": 20.121650088743078
        },
        "data_sent": {
            "count": 802431,
            "rate": 12458.515279598916
        },
        "matching_latency": {
            "avg": 8.499365152777788,
            "min": 5.455456,
            "med": 7.072303,
            "max": 48.630974,
            "p(90)": 10.756861,
            "p(95)": 13.311909499999999,
            "thresholds": {
                "p(99)<200": false,
                "p(95)<150": false,
                "p(50)<100": false
            }
        },
        "http_req_failed": {
            "passes": 0,
            "fails": 1301,
            "thresholds": {
                "rate<0.01": false
            },
            "value": 0
        },
        "http_req_receiving": {
            "min": 0.019479,
            "med": 0.162798,
            "max": 41.646836,
            "p(90)": 0.340785,
            "p(95)": 0.398515,
            "avg": 1.0783747901614147
        },
        "data_received": {
            "count": 255758,
            "rate": 3970.889647682679
        }
    },
    "setup_data": {
        "initialPrices": {
            "TEST-ASSET-C": 15000,
            "TEST-ASSET-D": 15000,
            "TEST-ASSET-A": 15000,
            "TEST-ASSET-B": 15000
        }
    },
    "root_group": {
        "id": "d41d8cd98f00b204e9800998ecf8427e",
        "groups": {
            "setup": {
                "name": "setup",
                "path": "::setup",
                "id": "5c0f8025f7e0b6654089e5b00e950f1a",
                "groups": {},
                "checks": {
                        "seed shard a status is 200": {
                            "passes": 1,
                            "fails": 0,
                            "name": "seed shard a status is 200",
                            "path": "::setup::seed shard a status is 200",
                            "id": "c91a68fe615f4172986f965dea3190ae"
                        },
                        "seed BUY TEST-ASSET-A status 200": {
                            "name": "seed BUY TEST-ASSET-A status 200",
                            "path": "::setup::seed BUY TEST-ASSET-A status 200",
                            "id": "061c1a13cd84ee106d4be6a5e2ba1590",
                            "passes": 1,
                            "fails": 0
                        },
                        "seed BUY TEST-ASSET-B status 200": {
                            "name": "seed BUY TEST-ASSET-B status 200",
                            "path": "::setup::seed BUY TEST-ASSET-B status 200",
                            "id": "2b28a0cdae2125dae7ec8f0b8f646bdd",
                            "passes": 1,
                            "fails": 0
                        },
                        "seed BUY TEST-ASSET-C status 200": {
                            "name": "seed BUY TEST-ASSET-C status 200",
                            "path": "::setup::seed BUY TEST-ASSET-C status 200",
                            "id": "482e794e78bd5659ce65484f50a11fdd",
                            "passes": 1,
                            "fails": 0
                        },
                        "seed BUY TEST-ASSET-D status 200": {
                            "fails": 0,
                            "name": "seed BUY TEST-ASSET-D status 200",
                            "path": "::setup::seed BUY TEST-ASSET-D status 200",
                            "id": "41d4b61880e8ac5d15f05d2e2804f066",
                            "passes": 1
                        }
                    }
            }
        },
        "checks": {
            "status is 200": {
                "name": "status is 200",
                "path": "::status is 200",
                "id": "6210a8cd14cd70477eba5c5e4cb3fb5f",
                "passes": 1296,
                "fails": 0
            },
            "latency < 200ms": {
                "path": "::latency < 200ms",
                "id": "d5d972e45ae02eeb06b87a71939ff40c",
                "passes": 1296,
                "fails": 0,
                "name": "latency < 200ms"
            }
        },
        "name": "",
        "path": ""
    }
}